animal,sex,verdict,mk_pct,uniqueness_pct,booked,booked_as,last_of_now,last_of_after,duplicated_by_cria,extinct_if_sold,ne_delta_if_sold,why
TCB CORKY,M,KEEP_UNTIL_WEANING,0.09,100.00,Y,sire,6PERUVIAN ACCOYO THE LAST DONIMPR98,,6PERUVIAN ACCOYO THE LAST DONIMPR98,6PERUVIAN ACCOYO THE LAST DONIMPR98,-1.0,TCB CORKY is the last living carrier of 6PERUVIAN ACCOYO THE LAST DONIMPR98 today. A year-1 cria is expected to carry it at ≥ 3.1% — keep until weaning.
HOWLING HILL SING THE BODY ELECTRIC,F,KEEP_UNTIL_WEANING,0.15,87.50,Y,dam,CPERUVIAN VALERIE 1483; EL SEGUNDO DE ROYAL FAWN; MULOWE; 5PERUVIAN CHARLIE'S ANGEL 8494; 5PERUVIAN DOM ALAMIR 9043; PPPERUVIAN FINESSE 5093; BRITTANY'S DESPARADO; SENOIA; TELL HOT SHOT; TELL BLIZZARD; LUNAR ECLIPSE; WOODED HILLS CHILE PEPPER,,CPERUVIAN VALERIE 1483; EL SEGUNDO DE ROYAL FAWN; MULOWE; 5PERUVIAN CHARLIE'S ANGEL 8494; 5PERUVIAN DOM ALAMIR 9043; PPPERUVIAN FINESSE 5093; BRITTANY'S DESPARADO; SENOIA; TELL HOT SHOT; TELL BLIZZARD; LUNAR ECLIPSE; WOODED HILLS CHILE PEPPER,CPERUVIAN VALERIE 1483; EL SEGUNDO DE ROYAL FAWN; MULOWE; 5PERUVIAN CHARLIE'S ANGEL 8494; 5PERUVIAN DOM ALAMIR 9043; PPPERUVIAN FINESSE 5093; BRITTANY'S DESPARADO; SENOIA; TELL HOT SHOT; TELL BLIZZARD; LUNAR ECLIPSE; WOODED HILLS CHILE PEPPER,-1.0,"HOWLING HILL SING THE BODY ELECTRIC is the last living carrier of CPERUVIAN VALERIE 1483, EL SEGUNDO DE ROYAL FAWN, MULOWE (+9 more) today. A year-1 cria is expected to carry it at ≥ 3.1% — keep until weaning."
CIRCLE CLIFF'S SWEET CAROLINE,F,KEEP_UNTIL_WEANING,0.58,78.12,Y,dam,CALIGULA'S ACCOYO POSEIDON; MILE HIGH PERUVIAN GENESEE; CHELSEA FARMS' TESS'S FLAME; CRESCENT MOON'S ESMERALDA,,CALIGULA'S ACCOYO POSEIDON; MILE HIGH PERUVIAN GENESEE; CHELSEA FARMS' TESS'S FLAME; CRESCENT MOON'S ESMERALDA,CALIGULA'S ACCOYO POSEIDON; MILE HIGH PERUVIAN GENESEE; CHELSEA FARMS' TESS'S FLAME; CRESCENT MOON'S ESMERALDA,-0.6,"CIRCLE CLIFF'S SWEET CAROLINE is the last living carrier of CALIGULA'S ACCOYO POSEIDON, MILE HIGH PERUVIAN GENESEE, CHELSEA FARMS' TESS'S FLAME (+1 more) today. A year-1 cria is expected to carry it at ≥ 3.1% — keep until weaning."
MARY'S SIQUANI BELLE,F,KEEP_UNTIL_WEANING,0.39,75.00,Y,dam,5PERUVIAN CHACHANI 8690; CPERUVIAN CHILAM 1338 IMPF98; PPERUVIAN VENGADOR G4568; PPPERUVIAN COROPUNA 4603,,5PERUVIAN CHACHANI 8690; CPERUVIAN CHILAM 1338 IMPF98; PPERUVIAN VENGADOR G4568; PPPERUVIAN COROPUNA 4603,5PERUVIAN CHACHANI 8690; CPERUVIAN CHILAM 1338 IMPF98; PPERUVIAN VENGADOR G4568; PPPERUVIAN COROPUNA 4603,-0.8,"MARY'S SIQUANI BELLE is the last living carrier of 5PERUVIAN CHACHANI 8690, CPERUVIAN CHILAM 1338 IMPF98, PPERUVIAN VENGADOR G4568 (+1 more) today. A year-1 cria is expected to carry it at ≥ 3.1% — keep until weaning."
4-SIGHT'S HOLIDAY,F,KEEP_UNTIL_WEANING,0.19,75.00,Y,dam,AYSEN'S LAUCA IMPQ98; ALPACARIA'S VOX EXCALIBUR; KPR ANGELL; AVATAR; PENNIE; CPERUVIAN CAMILLA 1258 IMPF98; SA PERUVIAN CHOCO; TCB'S CAMEO; SILVERTONE; MARIAH MAE,,AYSEN'S LAUCA IMPQ98; ALPACARIA'S VOX EXCALIBUR; KPR ANGELL; AVATAR; PENNIE; CPERUVIAN CAMILLA 1258 IMPF98; SA PERUVIAN CHOCO; TCB'S CAMEO; SILVERTONE; MARIAH MAE,AYSEN'S LAUCA IMPQ98; ALPACARIA'S VOX EXCALIBUR; KPR ANGELL; AVATAR; PENNIE; CPERUVIAN CAMILLA 1258 IMPF98; SA PERUVIAN CHOCO; TCB'S CAMEO; SILVERTONE; MARIAH MAE,-0.9,"4-SIGHT'S HOLIDAY is the last living carrier of AYSEN'S LAUCA IMPQ98, ALPACARIA'S VOX EXCALIBUR, KPR ANGELL (+7 more) today. A year-1 cria is expected to carry it at ≥ 3.1% — keep until weaning."
SC'S CARRINGTON,F,KEEP_UNTIL_WEANING,0.34,68.75,Y,dam,SARA'S SAHARA; PPPERUVIAN SWEETNESS 4854; KAPPIE; PCA PERUVIAN MICROSOFT; PPPERUVIAN CORACORA 5055; PPERUVIAN LEON G4560; YAKUTAT VON TR; KPR CARMELLA,,SARA'S SAHARA; PPPERUVIAN SWEETNESS 4854; KAPPIE; PCA PERUVIAN MICROSOFT; PPPERUVIAN CORACORA 5055; PPERUVIAN LEON G4560; YAKUTAT VON TR; KPR CARMELLA,SARA'S SAHARA; PPPERUVIAN SWEETNESS 4854; KAPPIE; PCA PERUVIAN MICROSOFT; PPPERUVIAN CORACORA 5055; PPERUVIAN LEON G4560; YAKUTAT VON TR; KPR CARMELLA,-0.8,"SC'S CARRINGTON is the last living carrier of SARA'S SAHARA, PPPERUVIAN SWEETNESS 4854, KAPPIE (+5 more) today. A year-1 cria is expected to carry it at ≥ 3.1% — keep until weaning."
MAMGB NATAN SAPA,M,KEEP_UNTIL_WEANING,0.23,68.75,Y,sire,QUEEN CHARLOTTE 187; SA GREYSTOKE; KPR MAGDA; JOHNSON S$112; TWIZZLER D118 ALOA,,QUEEN CHARLOTTE 187; SA GREYSTOKE; KPR MAGDA; JOHNSON S$112; TWIZZLER D118 ALOA,QUEEN CHARLOTTE 187; SA GREYSTOKE; KPR MAGDA; JOHNSON S$112; TWIZZLER D118 ALOA,-0.9,"MAMGB NATAN SAPA is the last living carrier of QUEEN CHARLOTTE 187, SA GREYSTOKE, KPR MAGDA (+2 more) today. A year-1 cria is expected to carry it at ≥ 3.1% — keep until weaning."
THAT'LL DO BLACKBEARD'S BOOTY,F,KEEP_UNTIL_WEANING,0.77,65.62,Y,dam,5PERUVIAN ROYAL INCA LEGEND 9058; 5PERUVIAN MICAY 8452; WOODED HILLS WINSTON; SEBRING JAX; MILLENNIUM GIRL URAQT; MBF EL DORADO; HVLA ZEPHYR,,5PERUVIAN ROYAL INCA LEGEND 9058; 5PERUVIAN MICAY 8452; WOODED HILLS WINSTON; SEBRING JAX; MILLENNIUM GIRL URAQT; MBF EL DORADO; HVLA ZEPHYR,5PERUVIAN ROYAL INCA LEGEND 9058; 5PERUVIAN MICAY 8452; WOODED HILLS WINSTON; SEBRING JAX; MILLENNIUM GIRL URAQT; MBF EL DORADO; HVLA ZEPHYR,-0.4,"THAT'LL DO BLACKBEARD'S BOOTY is the last living carrier of 5PERUVIAN ROYAL INCA LEGEND 9058, 5PERUVIAN MICAY 8452, WOODED HILLS WINSTON (+4 more) today. A year-1 cria is expected to carry it at ≥ 3.1% — keep until weaning."
HMAF'S AIRGEAD,M,KEEP_UNTIL_WEANING,0.10,62.50,Y,sire,MAYA III; PPPERUVIAN CEBICHE 4890; BLACK PERUVIAN ROYAL FOREST; MFI VISION; BOLIVIAN VESUVIUS; 6PERUVIAN FORTUNATA 6494 IMPR98; QUEEN OF SPADES 339,,MAYA III; PPPERUVIAN CEBICHE 4890; BLACK PERUVIAN ROYAL FOREST; MFI VISION; BOLIVIAN VESUVIUS; 6PERUVIAN FORTUNATA 6494 IMPR98; QUEEN OF SPADES 339,MAYA III; PPPERUVIAN CEBICHE 4890; BLACK PERUVIAN ROYAL FOREST; MFI VISION; BOLIVIAN VESUVIUS; 6PERUVIAN FORTUNATA 6494 IMPR98; QUEEN OF SPADES 339,-1.0,"HMAF'S AIRGEAD is the last living carrier of MAYA III, PPPERUVIAN CEBICHE 4890, BLACK PERUVIAN ROYAL FOREST (+4 more) today. A year-1 cria is expected to carry it at ≥ 3.1% — keep until weaning."
SC'S CRICKIT,F,KEEP_UNTIL_WEANING,0.35,59.38,Y,dam,LINNEA CODI W1063; SNOWMASS ROYAL FLUSH; SNOWMASS SWEET DREAMS; FCA CINDY; PPPERUVIAN ASTILLERO 4650; JOLIMONT PERUVIAN TRINITY IMPA98,,LINNEA CODI W1063; SNOWMASS ROYAL FLUSH; SNOWMASS SWEET DREAMS; FCA CINDY; PPPERUVIAN ASTILLERO 4650; JOLIMONT PERUVIAN TRINITY IMPA98,LINNEA CODI W1063; SNOWMASS ROYAL FLUSH; SNOWMASS SWEET DREAMS; FCA CINDY; PPPERUVIAN ASTILLERO 4650; JOLIMONT PERUVIAN TRINITY IMPA98,-0.8,"SC'S CRICKIT is the last living carrier of LINNEA CODI W1063, SNOWMASS ROYAL FLUSH, SNOWMASS SWEET DREAMS (+3 more) today. A year-1 cria is expected to carry it at ≥ 3.1% — keep until weaning."
PALLATON'S KALIBAUT ALYST,M,KEEP_UNTIL_WEANING,0.44,56.25,Y,sire,"ACCOYO AMERICA APOCALYPSE; NWA, LTD SHIRLEY; SONORA'S ACCOYO FERRARI; PRISTINA'S ACCOYO PRINCESSA; ACCOYO AMERICA MARATHON; TNT PERUVIAN BLAITHIN; MFI PERUVIAN CHAMPAGNE; TICKITY BOO VICTORIA",,"ACCOYO AMERICA APOCALYPSE; NWA, LTD SHIRLEY; SONORA'S ACCOYO FERRARI; PRISTINA'S ACCOYO PRINCESSA; ACCOYO AMERICA MARATHON; TNT PERUVIAN BLAITHIN; MFI PERUVIAN CHAMPAGNE; TICKITY BOO VICTORIA","ACCOYO AMERICA APOCALYPSE; NWA, LTD SHIRLEY; SONORA'S ACCOYO FERRARI; PRISTINA'S ACCOYO PRINCESSA; ACCOYO AMERICA MARATHON; TNT PERUVIAN BLAITHIN; MFI PERUVIAN CHAMPAGNE; TICKITY BOO VICTORIA",-0.7,"PALLATON'S KALIBAUT ALYST is the last living carrier of ACCOYO AMERICA APOCALYPSE, NWA, LTD SHIRLEY, SONORA'S ACCOYO FERRARI (+5 more) today. A year-1 cria is expected to carry it at ≥ 3.1% — keep until weaning."
PATAGONIA'S DUSTY,F,KEEP_UNTIL_WEANING,0.32,56.25,Y,dam,MARIGOLD 387; HERMANA 184,,MARIGOLD 387; HERMANA 184,MARIGOLD 387; HERMANA 184,-0.8,"PATAGONIA'S DUSTY is the last living carrier of MARIGOLD 387, HERMANA 184 today. A year-1 cria is expected to carry it at ≥ 3.1% — keep until weaning."
SUNNYHILL'S ZANG'S BALTAZAR,M,KEEP_UNTIL_WEANING,0.31,56.25,Y,sire,PCA HEMINGWAY-ACCOYO NAUTILUS; ACCOYO AMERICA ASPEN AC020; FIBRE WORKS DIAMONTE; SUNNYVIEW ALEJANDRIA; KELOWNA'S SUNDANCE KID; SUNNYVIEW ANJELITA; PANAM'S SILVER ANGEL IMPD98 TC),,PCA HEMINGWAY-ACCOYO NAUTILUS; ACCOYO AMERICA ASPEN AC020; FIBRE WORKS DIAMONTE; SUNNYVIEW ALEJANDRIA; KELOWNA'S SUNDANCE KID; SUNNYVIEW ANJELITA; PANAM'S SILVER ANGEL IMPD98 TC),PCA HEMINGWAY-ACCOYO NAUTILUS; ACCOYO AMERICA ASPEN AC020; FIBRE WORKS DIAMONTE; SUNNYVIEW ALEJANDRIA; KELOWNA'S SUNDANCE KID; SUNNYVIEW ANJELITA; PANAM'S SILVER ANGEL IMPD98 TC),-0.8,"SUNNYHILL'S ZANG'S BALTAZAR is the last living carrier of PCA HEMINGWAY-ACCOYO NAUTILUS, ACCOYO AMERICA ASPEN AC020, FIBRE WORKS DIAMONTE (+4 more) today. A year-1 cria is expected to carry it at ≥ 3.1% — keep until weaning."
VINTAGE CASHMERE'S U-TAUPE-IA,F,KEEP_UNTIL_WEANING,0.26,56.25,Y,dam,PPERUVIAN FELIX G4562; 6PERUVIAN SERENETY 6303 IMPR98; 6PERUVIAN BIANA 6323 IMPR98; CHIQUITA IMPORTAD98,,PPERUVIAN FELIX G4562; 6PERUVIAN SERENETY 6303 IMPR98; 6PERUVIAN BIANA 6323 IMPR98; CHIQUITA IMPORTAD98,PPERUVIAN FELIX G4562; 6PERUVIAN SERENETY 6303 IMPR98; 6PERUVIAN BIANA 6323 IMPR98; CHIQUITA IMPORTAD98,-0.9,"VINTAGE CASHMERE'S U-TAUPE-IA is the last living carrier of PPERUVIAN FELIX G4562, 6PERUVIAN SERENETY 6303 IMPR98, 6PERUVIAN BIANA 6323 IMPR98 (+1 more) today. A year-1 cria is expected to carry it at ≥ 3.1% — keep until weaning."
MISS AUTARY,F,KEEP_UNTIL_WEANING,1.04,50.00,Y,dam,JOLIMONT 2 PERUVIAN RINGO IMPB98; COYO DESTINI; JOLIMONT PERUVIAN AREQUIPA IMPAQ&; CPERUVIAN DANIEL 111 IMPF98; GHOST RIVER SHY ANNE; MMR SIR CONDE; ARISTO ANTOINETTE,,JOLIMONT 2 PERUVIAN RINGO IMPB98; COYO DESTINI; JOLIMONT PERUVIAN AREQUIPA IMPAQ&; CPERUVIAN DANIEL 111 IMPF98; GHOST RIVER SHY ANNE; MMR SIR CONDE; ARISTO ANTOINETTE,JOLIMONT 2 PERUVIAN RINGO IMPB98; COYO DESTINI; JOLIMONT PERUVIAN AREQUIPA IMPAQ&; CPERUVIAN DANIEL 111 IMPF98; GHOST RIVER SHY ANNE; MMR SIR CONDE; ARISTO ANTOINETTE,-0.2,"MISS AUTARY is the last living carrier of JOLIMONT 2 PERUVIAN RINGO IMPB98, COYO DESTINI, JOLIMONT PERUVIAN AREQUIPA IMPAQ& (+4 more) today. A year-1 cria is expected to carry it at ≥ 3.1% — keep until weaning."
SC'S CLARKIA,F,KEEP_UNTIL_WEANING,0.58,50.00,Y,dam,SNOWMASS MIDNIGHT SONG; SNOWMASS QUECHUA'S RISING SON; SNOWMASS ROYAL LACE,,SNOWMASS MIDNIGHT SONG; SNOWMASS QUECHUA'S RISING SON; SNOWMASS ROYAL LACE,SNOWMASS MIDNIGHT SONG; SNOWMASS QUECHUA'S RISING SON; SNOWMASS ROYAL LACE,-0.6,"SC'S CLARKIA is the last living carrier of SNOWMASS MIDNIGHT SONG, SNOWMASS QUECHUA'S RISING SON, SNOWMASS ROYAL LACE today. A year-1 cria is expected to carry it at ≥ 3.1% — keep until weaning."
HEAVEN'S HILL PERUVIAN CELESTIA,F,KEEP_UNTIL_WEANING,0.26,50.00,Y,dam,CPERUVIAN CADEE 1192 IMPF98 TC),,CPERUVIAN CADEE 1192 IMPF98 TC),CPERUVIAN CADEE 1192 IMPF98 TC),-0.9,HEAVEN'S HILL PERUVIAN CELESTIA is the last living carrier of CPERUVIAN CADEE 1192 IMPF98 TC) today. A year-1 cria is expected to carry it at ≥ 3.1% — keep until weaning.
SNOWMASS MIDNIGHT GAZE,F,KEEP_UNTIL_WEANING,1.00,46.88,Y,dam,SNOWMASS ICED ELEGANCE; SNOWMASS ELITE LEGEND; SNOWMASS SATIN BELLS; ACCOYO AMERICA SHOGUN; PACIFIC CREST ACCOYO CALIPANI; SNOWMASS LITERALLY LOVELY; SNOWMASS BIT OF HONEY,,SNOWMASS ICED ELEGANCE; SNOWMASS ELITE LEGEND; SNOWMASS SATIN BELLS; ACCOYO AMERICA SHOGUN; PACIFIC CREST ACCOYO CALIPANI; SNOWMASS LITERALLY LOVELY; SNOWMASS BIT OF HONEY,SNOWMASS ICED ELEGANCE; SNOWMASS ELITE LEGEND; SNOWMASS SATIN BELLS; ACCOYO AMERICA SHOGUN; PACIFIC CREST ACCOYO CALIPANI; SNOWMASS LITERALLY LOVELY; SNOWMASS BIT OF HONEY,-0.2,"SNOWMASS MIDNIGHT GAZE is the last living carrier of SNOWMASS ICED ELEGANCE, SNOWMASS ELITE LEGEND, SNOWMASS SATIN BELLS (+4 more) today. A year-1 cria is expected to carry it at ≥ 3.1% — keep until weaning."
HERITAGE SILVER PROMISE,F,KEEP_UNTIL_WEANING,0.23,46.88,Y,dam,BD ROSIE'S THOMAS; LA CARAMELLA CODI W966; 5PERUVIAN SILVERADO 9042; SA PERUVIAN DASH OF CLASS; MFI PERUVIAN GLACIAL STORM; VIAC MISS-C,,BD ROSIE'S THOMAS; LA CARAMELLA CODI W966; 5PERUVIAN SILVERADO 9042; SA PERUVIAN DASH OF CLASS; MFI PERUVIAN GLACIAL STORM; VIAC MISS-C,BD ROSIE'S THOMAS; LA CARAMELLA CODI W966; 5PERUVIAN SILVERADO 9042; SA PERUVIAN DASH OF CLASS; MFI PERUVIAN GLACIAL STORM; VIAC MISS-C,-0.9,"HERITAGE SILVER PROMISE is the last living carrier of BD ROSIE'S THOMAS, LA CARAMELLA CODI W966, 5PERUVIAN SILVERADO 9042 (+3 more) today. A year-1 cria is expected to carry it at ≥ 3.1% — keep until weaning."
SNOWMASS IRON MAIDEN,F,KEEP_UNTIL_WEANING,1.62,43.75,Y,dam,DISAPPEARING CREEK RINCON'S KALANI'; PERUVIAN MACUSANI G204; ENQUELGA BIANCA; ORE HILL COMANCHE; PRECIOSE IMPORTAB98,,DISAPPEARING CREEK RINCON'S KALANI'; PERUVIAN MACUSANI G204; ENQUELGA BIANCA; ORE HILL COMANCHE; PRECIOSE IMPORTAB98,DISAPPEARING CREEK RINCON'S KALANI'; PERUVIAN MACUSANI G204; ENQUELGA BIANCA; ORE HILL COMANCHE; PRECIOSE IMPORTAB98,+0.4,"SNOWMASS IRON MAIDEN is the last living carrier of DISAPPEARING CREEK RINCON'S KALANI', PERUVIAN MACUSANI G204, ENQUELGA BIANCA (+2 more) today. A year-1 cria is expected to carry it at ≥ 3.1% — keep until weaning."
MISS ALOHA MOONSHINE,F,KEEP_UNTIL_WEANING,1.06,43.75,Y,dam,MAPLE BROOK BARNABUS Huacavya 840936; TH HEIDI'S SASHA; NORTHMARK'S MESSIAH'S PROPHETESS'; MMR MARCOYO; ACA CRISPINA,,MAPLE BROOK BARNABUS Huacavya 840936; TH HEIDI'S SASHA; NORTHMARK'S MESSIAH'S PROPHETESS'; MMR MARCOYO; ACA CRISPINA,MAPLE BROOK BARNABUS Huacavya 840936; TH HEIDI'S SASHA; NORTHMARK'S MESSIAH'S PROPHETESS'; MMR MARCOYO; ACA CRISPINA,-0.1,"MISS ALOHA MOONSHINE is the last living carrier of MAPLE BROOK BARNABUS Huacavya 840936, TH HEIDI'S SASHA, NORTHMARK'S MESSIAH'S PROPHETESS' (+2 more) today. A year-1 cria is expected to carry it at ≥ 3.1% — keep until weaning."
ARAPAHO DELGADO'S ILLYAPA,M,KEEP_UNTIL_WEANING,0.61,43.75,Y,sire,BISTURI; LV BLACK EYED SUSAN; SILVER ROSE SENTINEL; SNOWMASS ZIMA; AUSSIE GUNS -N- ROSES Huarava 320036107 - LIinited States,,BISTURI; LV BLACK EYED SUSAN; SILVER ROSE SENTINEL; SNOWMASS ZIMA; AUSSIE GUNS -N- ROSES Huarava 320036107 - LIinited States,BISTURI; LV BLACK EYED SUSAN; SILVER ROSE SENTINEL; SNOWMASS ZIMA; AUSSIE GUNS -N- ROSES Huarava 320036107 - LIinited States,-0.6,"ARAPAHO DELGADO'S ILLYAPA is the last living carrier of BISTURI, LV BLACK EYED SUSAN, SILVER ROSE SENTINEL (+2 more) today. A year-1 cria is expected to carry it at ≥ 3.1% — keep until weaning."
LIBERTYALPACAS SMOKE SCREEN,M,KEEP_UNTIL_WEANING,0.41,43.75,Y,sire,PERUVIAN FAWNA W914; PPPERUVIAN TRINKET 4657; W LA SILVERADO,,PERUVIAN FAWNA W914; PPPERUVIAN TRINKET 4657; W LA SILVERADO,PERUVIAN FAWNA W914; PPPERUVIAN TRINKET 4657; W LA SILVERADO,-0.8,"LIBERTYALPACAS SMOKE SCREEN is the last living carrier of PERUVIAN FAWNA W914, PPPERUVIAN TRINKET 4657, W LA SILVERADO today. A year-1 cria is expected to carry it at ≥ 3.1% — keep until weaning."
CRYSTAL MOCHACCINO,F,KEEP_UNTIL_WEANING,1.08,37.50,Y,dam,ANDEAN MIDNIGHT; 6PERUVIAN ACCOYOGRANDTRIUMPH IMPR9§; PALOMA BLANCA; NZ MAORI MAGIC; BLACK MARIAH #1264,,ANDEAN MIDNIGHT; 6PERUVIAN ACCOYOGRANDTRIUMPH IMPR9§; PALOMA BLANCA; NZ MAORI MAGIC; BLACK MARIAH #1264,ANDEAN MIDNIGHT; 6PERUVIAN ACCOYOGRANDTRIUMPH IMPR9§; PALOMA BLANCA; NZ MAORI MAGIC; BLACK MARIAH #1264,-0.1,"CRYSTAL MOCHACCINO is the last living carrier of ANDEAN MIDNIGHT, 6PERUVIAN ACCOYOGRANDTRIUMPH IMPR9§, PALOMA BLANCA (+2 more) today. A year-1 cria is expected to carry it at ≥ 3.1% — keep until weaning."
CRESCENT MOON'S KEMMAUS,M,KEEP_UNTIL_WEANING,0.44,37.50,Y,sire,GREENER PASTURES LAHELA; WVR'S THE OUTLAW JOSEY WALES; TESS; REMINGTON OF REDWOODRIDGE; ETIENNE OF REDWOOD RIDGE,,GREENER PASTURES LAHELA; WVR'S THE OUTLAW JOSEY WALES; TESS; REMINGTON OF REDWOODRIDGE; ETIENNE OF REDWOOD RIDGE,GREENER PASTURES LAHELA; WVR'S THE OUTLAW JOSEY WALES; TESS; REMINGTON OF REDWOODRIDGE; ETIENNE OF REDWOOD RIDGE,-0.7,"CRESCENT MOON'S KEMMAUS is the last living carrier of GREENER PASTURES LAHELA, WVR'S THE OUTLAW JOSEY WALES, TESS (+2 more) today. A year-1 cria is expected to carry it at ≥ 3.1% — keep until weaning."
ESTATES LA PRESTIGE CRIMSON,F,KEEP_UNTIL_WEANING,0.36,37.50,Y,dam,BOLIVIAN BLACK THUNDER B969; VCA ERIKA; DIAMOND SPARK DE CAQUENA; MELOSA; CHISTOCHINA 378,,BOLIVIAN BLACK THUNDER B969; VCA ERIKA; DIAMOND SPARK DE CAQUENA; MELOSA; CHISTOCHINA 378,BOLIVIAN BLACK THUNDER B969; VCA ERIKA; DIAMOND SPARK DE CAQUENA; MELOSA; CHISTOCHINA 378,-0.8,"ESTATES LA PRESTIGE CRIMSON is the last living carrier of BOLIVIAN BLACK THUNDER B969, VCA ERIKA, DIAMOND SPARK DE CAQUENA (+2 more) today. A year-1 cria is expected to carry it at ≥ 3.1% — keep until weaning."
G-TRIBE'S ROCKY'S ASH,M,KEEP_UNTIL_WEANING,0.28,37.50,Y,sire,SHAZZY ALYST; MESSIAH ALYST; EXPRESS' PERUVIAN SPICE; R&RR ALDER 097L; AVA DOMITA MARTI 059N,,SHAZZY ALYST; MESSIAH ALYST; EXPRESS' PERUVIAN SPICE; R&RR ALDER 097L; AVA DOMITA MARTI 059N,SHAZZY ALYST; MESSIAH ALYST; EXPRESS' PERUVIAN SPICE; R&RR ALDER 097L; AVA DOMITA MARTI 059N,-0.9,"G-TRIBE'S ROCKY'S ASH is the last living carrier of SHAZZY ALYST, MESSIAH ALYST, EXPRESS' PERUVIAN SPICE (+2 more) today. A year-1 cria is expected to carry it at ≥ 3.1% — keep until weaning."
RGR'S MISS CONTRARY,F,KEEP_UNTIL_WEANING,1.44,31.25,Y,dam,SNOWMASS BLACK N' GOLD; LANARK'S SILVER CHARM; CARTAGENA - CHAPOCO,,SNOWMASS BLACK N' GOLD; LANARK'S SILVER CHARM; CARTAGENA - CHAPOCO,SNOWMASS BLACK N' GOLD; LANARK'S SILVER CHARM; CARTAGENA - CHAPOCO,+0.2,"RGR'S MISS CONTRARY is the last living carrier of SNOWMASS BLACK N' GOLD, LANARK'S SILVER CHARM, CARTAGENA - CHAPOCO today. A year-1 cria is expected to carry it at ≥ 3.1% — keep until weaning."
SC'S CHARENTE,F,KEEP_UNTIL_WEANING,0.62,31.25,Y,dam,CRESCENT MOON'S STILLETA,,CRESCENT MOON'S STILLETA,CRESCENT MOON'S STILLETA,-0.5,SC'S CHARENTE is the last living carrier of CRESCENT MOON'S STILLETA today. A year-1 cria is expected to carry it at ≥ 3.1% — keep until weaning.
CRYSTAL ROYAL GOLD'S MACKINAW,M,KEEP_UNTIL_WEANING,1.18,28.12,Y,sire,SNOWMASS QUECHUA'S SHAHTOOSH; SNOWMASS MIDNIGHT FOX,,SNOWMASS QUECHUA'S SHAHTOOSH; SNOWMASS MIDNIGHT FOX,SNOWMASS QUECHUA'S SHAHTOOSH; SNOWMASS MIDNIGHT FOX,-0.0,"CRYSTAL ROYAL GOLD'S MACKINAW is the last living carrier of SNOWMASS QUECHUA'S SHAHTOOSH, SNOWMASS MIDNIGHT FOX today. A year-1 cria is expected to carry it at ≥ 3.1% — keep until weaning."
PHPC ARTILLERY,M,KEEP_UNTIL_WEANING,0.76,28.12,Y,sire,6PERUVIAN DONA MAISA 6537 IMPR98; SCA PERUVIAN DESERT SUN; MI AMIGOS PERUVIAN LUPITA,,6PERUVIAN DONA MAISA 6537 IMPR98; SCA PERUVIAN DESERT SUN; MI AMIGOS PERUVIAN LUPITA,6PERUVIAN DONA MAISA 6537 IMPR98; SCA PERUVIAN DESERT SUN; MI AMIGOS PERUVIAN LUPITA,-0.4,"PHPC ARTILLERY is the last living carrier of 6PERUVIAN DONA MAISA 6537 IMPR98, SCA PERUVIAN DESERT SUN, MI AMIGOS PERUVIAN LUPITA today. A year-1 cria is expected to carry it at ≥ 3.1% — keep until weaning."
5C'S CHANTERELLA,F,KEEP_UNTIL_WEANING,0.67,28.12,Y,dam,MFI PERUVIAN FABEREGE; SOFTWEAR; MHF PIXIE,,MFI PERUVIAN FABEREGE; SOFTWEAR; MHF PIXIE,MFI PERUVIAN FABEREGE; SOFTWEAR; MHF PIXIE,-0.5,"5C'S CHANTERELLA is the last living carrier of MFI PERUVIAN FABEREGE, SOFTWEAR, MHF PIXIE today. A year-1 cria is expected to carry it at ≥ 3.1% — keep until weaning."
ROYAL DIAMANTE'S JEWEL,F,KEEP_UNTIL_WEANING,1.50,25.00,Y,dam,CPERUVIAN CALANDRIA 1204 IMPF98 ey,,CPERUVIAN CALANDRIA 1204 IMPF98 ey,CPERUVIAN CALANDRIA 1204 IMPF98 ey,+0.3,ROYAL DIAMANTE'S JEWEL is the last living carrier of CPERUVIAN CALANDRIA 1204 IMPF98 ey today. A year-1 cria is expected to carry it at ≥ 3.1% — keep until weaning.
APP WILD PHLOX,F,KEEP_UNTIL_WEANING,0.91,25.00,Y,dam,CLASSY TRUFFLES; MFI PERUVIAN PURISIMA,,CLASSY TRUFFLES; MFI PERUVIAN PURISIMA,CLASSY TRUFFLES; MFI PERUVIAN PURISIMA,-0.3,"APP WILD PHLOX is the last living carrier of CLASSY TRUFFLES, MFI PERUVIAN PURISIMA today. A year-1 cria is expected to carry it at ≥ 3.1% — keep until weaning."
PARAGON'S ESMERALDA,F,KEEP_UNTIL_WEANING,0.84,25.00,Y,dam,HOLLYWOOD; TABITHA OF AYS; PPPERUVIAN CHICHA 4975; 5PERUVIAN DONA APARECIDA 8520,,HOLLYWOOD; TABITHA OF AYS; PPPERUVIAN CHICHA 4975; 5PERUVIAN DONA APARECIDA 8520,HOLLYWOOD; TABITHA OF AYS; PPPERUVIAN CHICHA 4975; 5PERUVIAN DONA APARECIDA 8520,-0.3,"PARAGON'S ESMERALDA is the last living carrier of HOLLYWOOD, TABITHA OF AYS, PPPERUVIAN CHICHA 4975 (+1 more) today. A year-1 cria is expected to carry it at ≥ 3.1% — keep until weaning."
RED GRANITES JAFFA,F,KEEP_UNTIL_WEANING,1.71,21.88,Y,dam,SNOWMASS NOVA'S DARK QUEST; WOLF DEN O'BABY; PATAGONIA'S CLEO,,SNOWMASS NOVA'S DARK QUEST; WOLF DEN O'BABY; PATAGONIA'S CLEO,SNOWMASS NOVA'S DARK QUEST; WOLF DEN O'BABY; PATAGONIA'S CLEO,+0.5,"RED GRANITES JAFFA is the last living carrier of SNOWMASS NOVA'S DARK QUEST, WOLF DEN O'BABY, PATAGONIA'S CLEO today. A year-1 cria is expected to carry it at ≥ 3.1% — keep until weaning."
SNOWMASS MATRIX,M,KEEP_UNTIL_WEANING,2.26,18.75,Y,sire,GARNETT,,GARNETT,GARNETT,+1.0,SNOWMASS MATRIX is the last living carrier of GARNETT today. A year-1 cria is expected to carry it at ≥ 3.1% — keep until weaning.
NOBLE AMARETTO,F,KEEP_UNTIL_WEANING,1.41,18.75,Y,dam,SNOWMASS GOLDEN SERENITY,,SNOWMASS GOLDEN SERENITY,SNOWMASS GOLDEN SERENITY,+0.2,NOBLE AMARETTO is the last living carrier of SNOWMASS GOLDEN SERENITY today. A year-1 cria is expected to carry it at ≥ 3.1% — keep until weaning.
SNOWMASS CONOPA XXX,M,KEEP_UNTIL_WEANING,2.59,12.50,Y,sire,MACINTOSH S086 ALOA; PPPERUVIAN PRESTIGE 4999,,MACINTOSH S086 ALOA; PPPERUVIAN PRESTIGE 4999,MACINTOSH S086 ALOA; PPPERUVIAN PRESTIGE 4999,+1.4,"SNOWMASS CONOPA XXX is the last living carrier of MACINTOSH S086 ALOA, PPPERUVIAN PRESTIGE 4999 today. A year-1 cria is expected to carry it at ≥ 3.1% — keep until weaning."
SNOWMASS SIMPLY SMOKIN,F,KEEP_UNTIL_WEANING,2.44,12.50,Y,dam,CASANOVA'S CRESCENDA; SNOWMASS RAINBOW JOY,,CASANOVA'S CRESCENDA; SNOWMASS RAINBOW JOY,CASANOVA'S CRESCENDA; SNOWMASS RAINBOW JOY,+1.2,"SNOWMASS SIMPLY SMOKIN is the last living carrier of CASANOVA'S CRESCENDA, SNOWMASS RAINBOW JOY today. A year-1 cria is expected to carry it at ≥ 3.1% — keep until weaning."
SNOWMASS ALLURING XX,F,KEEP_UNTIL_WEANING,2.40,12.50,Y,dam,SNOWMASS BLACK OUT; SNOWMASS GOLDEN GIRL,,SNOWMASS BLACK OUT; SNOWMASS GOLDEN GIRL,SNOWMASS BLACK OUT; SNOWMASS GOLDEN GIRL,+1.2,"SNOWMASS ALLURING XX is the last living carrier of SNOWMASS BLACK OUT, SNOWMASS GOLDEN GIRL today. A year-1 cria is expected to carry it at ≥ 3.1% — keep until weaning."
RED GRANITES AFTERSHOCK,F,KEEP_UNTIL_WEANING,2.06,12.50,Y,dam,5PERUVIAN BLACK ICE 9069; PPERUVIAN ELOISA B4263,,5PERUVIAN BLACK ICE 9069; PPERUVIAN ELOISA B4263,5PERUVIAN BLACK ICE 9069; PPERUVIAN ELOISA B4263,+0.8,"RED GRANITES AFTERSHOCK is the last living carrier of 5PERUVIAN BLACK ICE 9069, PPERUVIAN ELOISA B4263 today. A year-1 cria is expected to carry it at ≥ 3.1% — keep until weaning."
RED GRANITES PRIM & PROPER,F,KEEP_UNTIL_WEANING,0.73,12.50,Y,dam,SENORITA ACCOYO CHIQUITA; CALLA LILLE,,SENORITA ACCOYO CHIQUITA; CALLA LILLE,SENORITA ACCOYO CHIQUITA; CALLA LILLE,-0.5,"RED GRANITES PRIM & PROPER is the last living carrier of SENORITA ACCOYO CHIQUITA, CALLA LILLE today. A year-1 cria is expected to carry it at ≥ 3.1% — keep until weaning."
RED GRANITES BRAVEHEART,M,KEEP_UNTIL_WEANING,2.05,6.25,Y,sire,CRESCENT MOON'S KRYPTONITE,,CRESCENT MOON'S KRYPTONITE,CRESCENT MOON'S KRYPTONITE,+0.8,RED GRANITES BRAVEHEART is the last living carrier of CRESCENT MOON'S KRYPTONITE today. A year-1 cria is expected to carry it at ≥ 3.1% — keep until weaning.
APP OSA PHRENCH BRAID,F,KEEP_UNTIL_WEANING,1.42,6.25,Y,dam,CORTINA 121,,CORTINA 121,CORTINA 121,+0.2,APP OSA PHRENCH BRAID is the last living carrier of CORTINA 121 today. A year-1 cria is expected to carry it at ≥ 3.1% — keep until weaning.
SCA PERUVIAN SILVERBELLE,F,WAIT,0.21,100.00,Y,dam,,,,,-0.9,"SCA PERUVIAN SILVERBELLE is one of two living carriers of PPPERUVIAN MISTY MAIDEN 5046 TC), CPERUVIAN STIRLING 105 IMPF98, CPERUVIAN DELISSA 1201 IMPF98. Do not sell both."
CIRCLE CLIFF'S MELVIN,M,WAIT,0.57,68.75,Y,sire,,,,,-0.6,"CIRCLE CLIFF'S MELVIN is one of two living carriers of SOPHIA DEL SOL, FANDANGO'S FIREBIRD, REDEEMER OF BOLIVIA B8455 IMPK98 (+8 more). Do not sell both."
5C'S CAPTAIN CHAOS,M,WAIT,0.86,26.56,Y,sire,,,,,-0.3,"5C'S CAPTAIN CHAOS is one of two living carriers of PERUVIAN AMY W803 ,, PPPERUVIAN MARIAH 4604, MIAH (+2 more). Do not sell both."
IRISH MEADOWS TAYT,F,WAIT,0.78,12.50,Y,dam,,,,,-0.4,"IRISH MEADOWS TAYT is one of two living carriers of MICHELANGELO, WINTER LOTUS HST W869. Do not sell both."
MTAR ORLANDO CLOUD'S MCDREAMY,M,WAIT,0.58,12.50,Y,sire,,,,,-0.6,"MTAR ORLANDO CLOUD'S MCDREAMY is one of two living carriers of JERICHO 691, FOLLOWILL KINNIKINIK. Do not sell both."
WILLOWWIND INSPIRATION,F,WAIT,2.38,6.25,Y,dam,,,,,+1.2,WILLOWWIND INSPIRATION is one of two living carriers of SNOWMASS ROYAL KNIGHT. Do not sell both.
WILLOWWIND SHOGUN,M,WAIT,2.38,6.25,,,,,,,+1.2,WILLOWWIND SHOGUN is one of two living carriers of SNOWMASS ROYAL KNIGHT. Do not sell both.
THOR FARMS LOOKING GLASS,F,WAIT,1.61,6.25,Y,dam,,,,,+0.4,"THOR FARMS LOOKING GLASS is one of two living carriers of MICHELANGELO, WINTER LOTUS HST W869. Do not sell both."
SNOWMASS ENCHANTED TOUCH,F,WAIT,1.33,4.30,Y,dam,,,,,+0.1,SNOWMASS ENCHANTED TOUCH is one of two living carriers of PPPERUVIAN CAHUIDE A6020. Do not sell both.
SNOWMASS SMOKIN WAVES,M,LET_GO,2.78,0.00,,,,,,,+1.6,SNOWMASS SMOKIN WAVES is not a last or pair-locked carrier at the 3.1% threshold. Highest MK animals on this list are the ones whose exit helps Ne.
RED GRANITES ALYDAR,M,LET_GO,2.63,0.00,,,,,,,+1.4,RED GRANITES ALYDAR is not a last or pair-locked carrier at the 3.1% threshold. Highest MK animals on this list are the ones whose exit helps Ne.
RED GRANITES JEZEBELL,F,LET_GO,2.52,0.00,Y,dam,,,,,+1.3,RED GRANITES JEZEBELL is not a last or pair-locked carrier at the 3.1% threshold. Highest MK animals on this list are the ones whose exit helps Ne.
RGR JIGSAW,F,LET_GO,2.52,0.00,Y,dam,,,,,+1.3,RGR JIGSAW is not a last or pair-locked carrier at the 3.1% threshold. Highest MK animals on this list are the ones whose exit helps Ne.
RGR JUSTIFICATION,F,LET_GO,2.52,0.00,Y,dam,,,,,+1.3,RGR JUSTIFICATION is not a last or pair-locked carrier at the 3.1% threshold. Highest MK animals on this list are the ones whose exit helps Ne.
WILLOWWIND SL HALO,F,LET_GO,2.35,0.00,Y,dam,,,,,+1.1,WILLOWWIND SL HALO is not a last or pair-locked carrier at the 3.1% threshold. Highest MK animals on this list are the ones whose exit helps Ne.
SMOKIN HAUTE,F,LET_GO,2.15,0.00,Y,dam,,,,,+0.9,SMOKIN HAUTE is not a last or pair-locked carrier at the 3.1% threshold. Highest MK animals on this list are the ones whose exit helps Ne.
MTAR PHASMA,F,LET_GO,2.04,0.00,Y,dam,,,,,+0.8,MTAR PHASMA is not a last or pair-locked carrier at the 3.1% threshold. Highest MK animals on this list are the ones whose exit helps Ne.
BOMBER'S DIAMOND LIL,F,LET_GO,2.03,0.00,Y,dam,,,,,+0.8,BOMBER'S DIAMOND LIL is not a last or pair-locked carrier at the 3.1% threshold. Highest MK animals on this list are the ones whose exit helps Ne.
WILLOWWIND ECHO DELTA,F,LET_GO,2.01,0.00,Y,dam,,,,,+0.8,WILLOWWIND ECHO DELTA is not a last or pair-locked carrier at the 3.1% threshold. Highest MK animals on this list are the ones whose exit helps Ne.
APP PHORCE PHACTOR,M,LET_GO,1.77,0.00,,,,,,,+0.6,APP PHORCE PHACTOR is not a last or pair-locked carrier at the 3.1% threshold. Highest MK animals on this list are the ones whose exit helps Ne.
SNOWMASS MAJESTIC REFLECTION,M,LET_GO,1.76,0.00,,,,,,,+0.5,SNOWMASS MAJESTIC REFLECTION is not a last or pair-locked carrier at the 3.1% threshold. Highest MK animals on this list are the ones whose exit helps Ne.
RR WONDER WOMAN,F,LET_GO,1.74,0.00,Y,dam,,,,,+0.5,RR WONDER WOMAN is not a last or pair-locked carrier at the 3.1% threshold. Highest MK animals on this list are the ones whose exit helps Ne.
RED GRANITES JENGA,F,LET_GO,1.73,0.00,Y,dam,,,,,+0.5,RED GRANITES JENGA is not a last or pair-locked carrier at the 3.1% threshold. Highest MK animals on this list are the ones whose exit helps Ne.
RR SARAH VAUGHN,F,LET_GO,1.61,0.00,Y,dam,,,,,+0.4,RR SARAH VAUGHN is not a last or pair-locked carrier at the 3.1% threshold. Highest MK animals on this list are the ones whose exit helps Ne.
RR PALOMA PICASSO,F,LET_GO,1.49,0.00,Y,dam,,,,,+0.3,RR PALOMA PICASSO is not a last or pair-locked carrier at the 3.1% threshold. Highest MK animals on this list are the ones whose exit helps Ne.
WILLOWWIND THE SHAMAN,M,LET_GO,1.34,0.00,,,,,,,+0.1,WILLOWWIND THE SHAMAN is not a last or pair-locked carrier at the 3.1% threshold. Highest MK animals on this list are the ones whose exit helps Ne.
SPARTAN'S SILVER-LINING,M,LET_GO,1.31,0.00,,,,,,,+0.1,SPARTAN'S SILVER-LINING is not a last or pair-locked carrier at the 3.1% threshold. Highest MK animals on this list are the ones whose exit helps Ne.
SSAFL MICHELANGELO'S PERUVIAN CUPID,M,LET_GO,0.97,0.00,,,,,,,-0.2,SSAFL MICHELANGELO'S PERUVIAN CUPID is not a last or pair-locked carrier at the 3.1% threshold. Highest MK animals on this list are the ones whose exit helps Ne.
PATAGONIA'S NERUDA,M,LET_GO,0.43,0.00,Y,sire,,,,,-0.7,PATAGONIA'S NERUDA is not a last or pair-locked carrier at the 3.1% threshold. Highest MK animals on this list are the ones whose exit helps Ne.
