cria,dam,sire,f_pct,must_stay,sellable,n_covers,covers,uniqueness_pct,why
HOWLING HILL SING THE BODY ELECTRIC × SUNNYHILL'S ZANG'S BALTAZAR,HOWLING HILL SING THE BODY ELECTRIC,SUNNYHILL'S ZANG'S BALTAZAR,0.00,Y,,19,5PERUVIAN CHARLIE'S ANGEL 8494; 5PERUVIAN DOM ALAMIR 9043; ACCOYO AMERICA ASPEN AC020; BRITTANY'S DESPARADO; CPERUVIAN VALERIE 1483; EL SEGUNDO DE ROYAL FAWN; FIBRE WORKS DIAMONTE; KELOWNA'S SUNDANCE KID; LUNAR ECLIPSE; MULOWE; PANAM'S SILVER ANGEL IMPD98 TC); PCA HEMINGWAY-ACCOYO NAUTILUS; PPPERUVIAN FINESSE 5093; SENOIA; SUNNYVIEW ALEJANDRIA; SUNNYVIEW ANJELITA; TELL BLIZZARD; TELL HOT SHOT; WOODED HILLS CHILE PEPPER,65.62,"Must stay. Covers 19 last founder(s) the year-1 parents would take with them: 5PERUVIAN CHARLIE'S ANGEL 8494, 5PERUVIAN DOM ALAMIR 9043, ACCOYO AMERICA ASPEN AC020 (+16 more)."
SC'S CARRINGTON × PALLATON'S KALIBAUT ALYST,SC'S CARRINGTON,PALLATON'S KALIBAUT ALYST,0.05,Y,,16,"ACCOYO AMERICA APOCALYPSE; ACCOYO AMERICA MARATHON; KAPPIE; KPR CARMELLA; MFI PERUVIAN CHAMPAGNE; NWA, LTD SHIRLEY; PCA PERUVIAN MICROSOFT; PPERUVIAN LEON G4560; PPPERUVIAN CORACORA 5055; PPPERUVIAN SWEETNESS 4854; PRISTINA'S ACCOYO PRINCESSA; SARA'S SAHARA; SONORA'S ACCOYO FERRARI; TICKITY BOO VICTORIA; TNT PERUVIAN BLAITHIN; YAKUTAT VON TR",50.00,"Must stay. Covers 16 last founder(s) the year-1 parents would take with them: ACCOYO AMERICA APOCALYPSE, ACCOYO AMERICA MARATHON, KAPPIE (+13 more)."
4-SIGHT'S HOLIDAY × G-TRIBE'S ROCKY'S ASH,4-SIGHT'S HOLIDAY,G-TRIBE'S ROCKY'S ASH,0.02,Y,,15,ALPACARIA'S VOX EXCALIBUR; AVA DOMITA MARTI 059N; AVATAR; AYSEN'S LAUCA IMPQ98; CPERUVIAN CAMILLA 1258 IMPF98; EXPRESS' PERUVIAN SPICE; KPR ANGELL; MARIAH MAE; MESSIAH ALYST; PENNIE; R&RR ALDER 097L; SA PERUVIAN CHOCO; SHAZZY ALYST; SILVERTONE; TCB'S CAMEO,46.88,"Must stay. Covers 15 last founder(s) the year-1 parents would take with them: ALPACARIA'S VOX EXCALIBUR, AVA DOMITA MARTI 059N, AVATAR (+12 more)."
HERITAGE SILVER PROMISE × SUNNYHILL'S ZANG'S BALTAZAR,HERITAGE SILVER PROMISE,SUNNYHILL'S ZANG'S BALTAZAR,0.00,Y,,13,5PERUVIAN SILVERADO 9042; ACCOYO AMERICA ASPEN AC020; BD ROSIE'S THOMAS; FIBRE WORKS DIAMONTE; KELOWNA'S SUNDANCE KID; LA CARAMELLA CODI W966; MFI PERUVIAN GLACIAL STORM; PANAM'S SILVER ANGEL IMPD98 TC); PCA HEMINGWAY-ACCOYO NAUTILUS; SA PERUVIAN DASH OF CLASS; SUNNYVIEW ALEJANDRIA; SUNNYVIEW ANJELITA; VIAC MISS-C,43.75,"Must stay. Covers 13 last founder(s) the year-1 parents would take with them: 5PERUVIAN SILVERADO 9042, ACCOYO AMERICA ASPEN AC020, BD ROSIE'S THOMAS (+10 more)."
MARY'S SIQUANI BELLE × PALLATON'S KALIBAUT ALYST,MARY'S SIQUANI BELLE,PALLATON'S KALIBAUT ALYST,0.02,Y,,12,"5PERUVIAN CHACHANI 8690; ACCOYO AMERICA APOCALYPSE; ACCOYO AMERICA MARATHON; CPERUVIAN CHILAM 1338 IMPF98; MFI PERUVIAN CHAMPAGNE; NWA, LTD SHIRLEY; PPERUVIAN VENGADOR G4568; PPPERUVIAN COROPUNA 4603; PRISTINA'S ACCOYO PRINCESSA; SONORA'S ACCOYO FERRARI; TICKITY BOO VICTORIA; TNT PERUVIAN BLAITHIN",40.62,"Must stay. Covers 12 last founder(s) the year-1 parents would take with them: 5PERUVIAN CHACHANI 8690, ACCOYO AMERICA APOCALYPSE, ACCOYO AMERICA MARATHON (+9 more)."
MISS ALOHA MOONSHINE × SUNNYHILL'S ZANG'S BALTAZAR,MISS ALOHA MOONSHINE,SUNNYHILL'S ZANG'S BALTAZAR,0.00,Y,,12,ACA CRISPINA; ACCOYO AMERICA ASPEN AC020; FIBRE WORKS DIAMONTE; KELOWNA'S SUNDANCE KID; MAPLE BROOK BARNABUS Huacavya 840936; MMR MARCOYO; NORTHMARK'S MESSIAH'S PROPHETESS'; PANAM'S SILVER ANGEL IMPD98 TC); PCA HEMINGWAY-ACCOYO NAUTILUS; SUNNYVIEW ALEJANDRIA; SUNNYVIEW ANJELITA; TH HEIDI'S SASHA,40.62,"Must stay. Covers 12 last founder(s) the year-1 parents would take with them: ACA CRISPINA, ACCOYO AMERICA ASPEN AC020, FIBRE WORKS DIAMONTE (+9 more)."
SNOWMASS IRON MAIDEN × HMAF'S AIRGEAD,SNOWMASS IRON MAIDEN,HMAF'S AIRGEAD,0.05,Y,,12,6PERUVIAN FORTUNATA 6494 IMPR98; BLACK PERUVIAN ROYAL FOREST; BOLIVIAN VESUVIUS; DISAPPEARING CREEK RINCON'S KALANI'; ENQUELGA BIANCA; MAYA III; MFI VISION; ORE HILL COMANCHE; PERUVIAN MACUSANI G204; PPPERUVIAN CEBICHE 4890; PRECIOSE IMPORTAB98; QUEEN OF SPADES 339,40.62,"Must stay. Covers 12 last founder(s) the year-1 parents would take with them: 6PERUVIAN FORTUNATA 6494 IMPR98, BLACK PERUVIAN ROYAL FOREST, BOLIVIAN VESUVIUS (+9 more)."
PARAGON'S ESMERALDA × PALLATON'S KALIBAUT ALYST,PARAGON'S ESMERALDA,PALLATON'S KALIBAUT ALYST,0.32,Y,,12,"5PERUVIAN DONA APARECIDA 8520; ACCOYO AMERICA APOCALYPSE; ACCOYO AMERICA MARATHON; HOLLYWOOD; MFI PERUVIAN CHAMPAGNE; NWA, LTD SHIRLEY; PPPERUVIAN CHICHA 4975; PRISTINA'S ACCOYO PRINCESSA; SONORA'S ACCOYO FERRARI; TABITHA OF AYS; TICKITY BOO VICTORIA; TNT PERUVIAN BLAITHIN",37.50,"Must stay. Covers 12 last founder(s) the year-1 parents would take with them: 5PERUVIAN DONA APARECIDA 8520, ACCOYO AMERICA APOCALYPSE, ACCOYO AMERICA MARATHON (+9 more)."
MISS AUTARY × LIBERTYALPACAS SMOKE SCREEN,MISS AUTARY,LIBERTYALPACAS SMOKE SCREEN,0.00,Y,,10,ARISTO ANTOINETTE; COYO DESTINI; CPERUVIAN DANIEL 111 IMPF98; GHOST RIVER SHY ANNE; JOLIMONT 2 PERUVIAN RINGO IMPB98; JOLIMONT PERUVIAN AREQUIPA IMPAQ&; MMR SIR CONDE; PERUVIAN FAWNA W914; PPPERUVIAN TRINKET 4657; W LA SILVERADO,46.88,"Must stay. Covers 10 last founder(s) the year-1 parents would take with them: ARISTO ANTOINETTE, COYO DESTINI, CPERUVIAN DANIEL 111 IMPF98 (+7 more)."
PATAGONIA'S DUSTY × PALLATON'S KALIBAUT ALYST,PATAGONIA'S DUSTY,PALLATON'S KALIBAUT ALYST,0.00,Y,,10,"ACCOYO AMERICA APOCALYPSE; ACCOYO AMERICA MARATHON; HERMANA 184; MARIGOLD 387; MFI PERUVIAN CHAMPAGNE; NWA, LTD SHIRLEY; PRISTINA'S ACCOYO PRINCESSA; SONORA'S ACCOYO FERRARI; TICKITY BOO VICTORIA; TNT PERUVIAN BLAITHIN",43.75,"Must stay. Covers 10 last founder(s) the year-1 parents would take with them: ACCOYO AMERICA APOCALYPSE, ACCOYO AMERICA MARATHON, HERMANA 184 (+7 more)."
ESTATES LA PRESTIGE CRIMSON × G-TRIBE'S ROCKY'S ASH,ESTATES LA PRESTIGE CRIMSON,G-TRIBE'S ROCKY'S ASH,0.00,Y,,10,AVA DOMITA MARTI 059N; BOLIVIAN BLACK THUNDER B969; CHISTOCHINA 378; DIAMOND SPARK DE CAQUENA; EXPRESS' PERUVIAN SPICE; MELOSA; MESSIAH ALYST; R&RR ALDER 097L; SHAZZY ALYST; VCA ERIKA,34.38,"Must stay. Covers 10 last founder(s) the year-1 parents would take with them: AVA DOMITA MARTI 059N, BOLIVIAN BLACK THUNDER B969, CHISTOCHINA 378 (+7 more)."
SC'S CRICKIT × PHPC ARTILLERY,SC'S CRICKIT,PHPC ARTILLERY,0.00,Y,,9,6PERUVIAN DONA MAISA 6537 IMPR98; FCA CINDY; JOLIMONT PERUVIAN TRINITY IMPA98; LINNEA CODI W1063; MI AMIGOS PERUVIAN LUPITA; PPPERUVIAN ASTILLERO 4650; SCA PERUVIAN DESERT SUN; SNOWMASS ROYAL FLUSH; SNOWMASS SWEET DREAMS,28.12,"Must stay. Covers 9 last founder(s) the year-1 parents would take with them: 6PERUVIAN DONA MAISA 6537 IMPR98, FCA CINDY, JOLIMONT PERUVIAN TRINITY IMPA98 (+6 more)."
HEAVEN'S HILL PERUVIAN CELESTIA × SUNNYHILL'S ZANG'S BALTAZAR,HEAVEN'S HILL PERUVIAN CELESTIA,SUNNYHILL'S ZANG'S BALTAZAR,0.00,Y,,8,ACCOYO AMERICA ASPEN AC020; CPERUVIAN CADEE 1192 IMPF98 TC); FIBRE WORKS DIAMONTE; KELOWNA'S SUNDANCE KID; PANAM'S SILVER ANGEL IMPD98 TC); PCA HEMINGWAY-ACCOYO NAUTILUS; SUNNYVIEW ALEJANDRIA; SUNNYVIEW ANJELITA,31.25,"Must stay. Covers 8 last founder(s) the year-1 parents would take with them: ACCOYO AMERICA ASPEN AC020, CPERUVIAN CADEE 1192 IMPF98 TC), FIBRE WORKS DIAMONTE (+5 more)."
5C'S CHANTERELLA × G-TRIBE'S ROCKY'S ASH,5C'S CHANTERELLA,G-TRIBE'S ROCKY'S ASH,0.00,Y,,8,AVA DOMITA MARTI 059N; EXPRESS' PERUVIAN SPICE; MESSIAH ALYST; MFI PERUVIAN FABEREGE; MHF PIXIE; R&RR ALDER 097L; SHAZZY ALYST; SOFTWEAR,25.00,"Must stay. Covers 8 last founder(s) the year-1 parents would take with them: AVA DOMITA MARTI 059N, EXPRESS' PERUVIAN SPICE, MESSIAH ALYST (+5 more)."
RED GRANITES JAFFA × CRESCENT MOON'S KEMMAUS,RED GRANITES JAFFA,CRESCENT MOON'S KEMMAUS,0.00,Y,,8,ETIENNE OF REDWOOD RIDGE; GREENER PASTURES LAHELA; PATAGONIA'S CLEO; REMINGTON OF REDWOODRIDGE; SNOWMASS NOVA'S DARK QUEST; TESS; WOLF DEN O'BABY; WVR'S THE OUTLAW JOSEY WALES,25.00,"Must stay. Covers 8 last founder(s) the year-1 parents would take with them: ETIENNE OF REDWOOD RIDGE, GREENER PASTURES LAHELA, PATAGONIA'S CLEO (+5 more)."
RGR'S MISS CONTRARY × CRESCENT MOON'S KEMMAUS,RGR'S MISS CONTRARY,CRESCENT MOON'S KEMMAUS,0.00,Y,,8,CARTAGENA - CHAPOCO; ETIENNE OF REDWOOD RIDGE; GREENER PASTURES LAHELA; LANARK'S SILVER CHARM; REMINGTON OF REDWOODRIDGE; SNOWMASS BLACK N' GOLD; TESS; WVR'S THE OUTLAW JOSEY WALES,25.00,"Must stay. Covers 8 last founder(s) the year-1 parents would take with them: CARTAGENA - CHAPOCO, ETIENNE OF REDWOOD RIDGE, GREENER PASTURES LAHELA (+5 more)."
SNOWMASS MIDNIGHT GAZE × MTAR ORLANDO CLOUD'S MCDREAMY,SNOWMASS MIDNIGHT GAZE,MTAR ORLANDO CLOUD'S MCDREAMY,0.00,Y,,7,ACCOYO AMERICA SHOGUN; PACIFIC CREST ACCOYO CALIPANI; SNOWMASS BIT OF HONEY; SNOWMASS ELITE LEGEND; SNOWMASS ICED ELEGANCE; SNOWMASS LITERALLY LOVELY; SNOWMASS SATIN BELLS,21.88,"Must stay. Covers 7 last founder(s) the year-1 parents would take with them: ACCOYO AMERICA SHOGUN, PACIFIC CREST ACCOYO CALIPANI, SNOWMASS BIT OF HONEY (+4 more)."
THAT'LL DO BLACKBEARD'S BOOTY × CIRCLE CLIFF'S MELVIN,THAT'LL DO BLACKBEARD'S BOOTY,CIRCLE CLIFF'S MELVIN,0.08,Y,,7,5PERUVIAN MICAY 8452; 5PERUVIAN ROYAL INCA LEGEND 9058; HVLA ZEPHYR; MBF EL DORADO; MILLENNIUM GIRL URAQT; SEBRING JAX; WOODED HILLS WINSTON,21.88,"Must stay. Covers 7 last founder(s) the year-1 parents would take with them: 5PERUVIAN MICAY 8452, 5PERUVIAN ROYAL INCA LEGEND 9058, HVLA ZEPHYR (+4 more)."
VINTAGE CASHMERE'S U-TAUPE-IA × SNOWMASS CONOPA XXX,VINTAGE CASHMERE'S U-TAUPE-IA,SNOWMASS CONOPA XXX,0.00,Y,,6,6PERUVIAN BIANA 6323 IMPR98; 6PERUVIAN SERENETY 6303 IMPR98; CHIQUITA IMPORTAD98; MACINTOSH S086 ALOA; PPERUVIAN FELIX G4562; PPPERUVIAN PRESTIGE 4999,34.38,"Must stay. Covers 6 last founder(s) the year-1 parents would take with them: 6PERUVIAN BIANA 6323 IMPR98, 6PERUVIAN SERENETY 6303 IMPR98, CHIQUITA IMPORTAD98 (+3 more)."
ROYAL DIAMANTE'S JEWEL × CRESCENT MOON'S KEMMAUS,ROYAL DIAMANTE'S JEWEL,CRESCENT MOON'S KEMMAUS,0.06,Y,,6,CPERUVIAN CALANDRIA 1204 IMPF98 ey; ETIENNE OF REDWOOD RIDGE; GREENER PASTURES LAHELA; REMINGTON OF REDWOODRIDGE; TESS; WVR'S THE OUTLAW JOSEY WALES,21.88,"Must stay. Covers 6 last founder(s) the year-1 parents would take with them: CPERUVIAN CALANDRIA 1204 IMPF98 ey, ETIENNE OF REDWOOD RIDGE, GREENER PASTURES LAHELA (+3 more)."
SC'S CHARENTE × ARAPAHO DELGADO'S ILLYAPA,SC'S CHARENTE,ARAPAHO DELGADO'S ILLYAPA,0.00,Y,,6,AUSSIE GUNS -N- ROSES Huarava 320036107 - LIinited States; BISTURI; CRESCENT MOON'S STILLETA; LV BLACK EYED SUSAN; SILVER ROSE SENTINEL; SNOWMASS ZIMA,18.75,"Must stay. Covers 6 last founder(s) the year-1 parents would take with them: AUSSIE GUNS -N- ROSES Huarava 320036107 - LIinited States, BISTURI, CRESCENT MOON'S STILLETA (+3 more)."
CIRCLE CLIFF'S SWEET CAROLINE × TCB CORKY,CIRCLE CLIFF'S SWEET CAROLINE,TCB CORKY,0.00,Y,,5,6PERUVIAN ACCOYO THE LAST DONIMPR98; CALIGULA'S ACCOYO POSEIDON; CHELSEA FARMS' TESS'S FLAME; CRESCENT MOON'S ESMERALDA; MILE HIGH PERUVIAN GENESEE,37.50,"Must stay. Covers 5 last founder(s) the year-1 parents would take with them: 6PERUVIAN ACCOYO THE LAST DONIMPR98, CALIGULA'S ACCOYO POSEIDON, CHELSEA FARMS' TESS'S FLAME (+2 more)."
SNOWMASS ALLURING XX × LIBERTYALPACAS SMOKE SCREEN,SNOWMASS ALLURING XX,LIBERTYALPACAS SMOKE SCREEN,0.00,Y,,5,PERUVIAN FAWNA W914; PPPERUVIAN TRINKET 4657; SNOWMASS BLACK OUT; SNOWMASS GOLDEN GIRL; W LA SILVERADO,28.12,"Must stay. Covers 5 last founder(s) the year-1 parents would take with them: PERUVIAN FAWNA W914, PPPERUVIAN TRINKET 4657, SNOWMASS BLACK OUT (+2 more)."
SNOWMASS SIMPLY SMOKIN × LIBERTYALPACAS SMOKE SCREEN,SNOWMASS SIMPLY SMOKIN,LIBERTYALPACAS SMOKE SCREEN,0.00,Y,,5,CASANOVA'S CRESCENDA; PERUVIAN FAWNA W914; PPPERUVIAN TRINKET 4657; SNOWMASS RAINBOW JOY; W LA SILVERADO,28.12,"Must stay. Covers 5 last founder(s) the year-1 parents would take with them: CASANOVA'S CRESCENDA, PERUVIAN FAWNA W914, PPPERUVIAN TRINKET 4657 (+2 more)."
CRYSTAL MOCHACCINO × PATAGONIA'S NERUDA,CRYSTAL MOCHACCINO,PATAGONIA'S NERUDA,0.00,Y,,5,6PERUVIAN ACCOYOGRANDTRIUMPH IMPR9§; ANDEAN MIDNIGHT; BLACK MARIAH #1264; NZ MAORI MAGIC; PALOMA BLANCA,15.62,"Must stay. Covers 5 last founder(s) the year-1 parents would take with them: 6PERUVIAN ACCOYOGRANDTRIUMPH IMPR9§, ANDEAN MIDNIGHT, BLACK MARIAH #1264 (+2 more)."
RED GRANITES JEZEBELL × MAMGB NATAN SAPA,RED GRANITES JEZEBELL,MAMGB NATAN SAPA,0.00,Y,,5,JOHNSON S$112; KPR MAGDA; QUEEN CHARLOTTE 187; SA GREYSTOKE; TWIZZLER D118 ALOA,15.62,"Must stay. Covers 5 last founder(s) the year-1 parents would take with them: JOHNSON S$112, KPR MAGDA, QUEEN CHARLOTTE 187 (+2 more)."
NOBLE AMARETTO × LIBERTYALPACAS SMOKE SCREEN,NOBLE AMARETTO,LIBERTYALPACAS SMOKE SCREEN,0.00,Y,,4,PERUVIAN FAWNA W914; PPPERUVIAN TRINKET 4657; SNOWMASS GOLDEN SERENITY; W LA SILVERADO,25.00,"Must stay. Covers 4 last founder(s) the year-1 parents would take with them: PERUVIAN FAWNA W914, PPPERUVIAN TRINKET 4657, SNOWMASS GOLDEN SERENITY (+1 more)."
RED GRANITES AFTERSHOCK × TCB CORKY,RED GRANITES AFTERSHOCK,TCB CORKY,0.00,Y,,3,5PERUVIAN BLACK ICE 9069; 6PERUVIAN ACCOYO THE LAST DONIMPR98; PPERUVIAN ELOISA B4263,31.25,"Must stay. Covers 3 last founder(s) the year-1 parents would take with them: 5PERUVIAN BLACK ICE 9069, 6PERUVIAN ACCOYO THE LAST DONIMPR98, PPERUVIAN ELOISA B4263."
RED GRANITES PRIM & PROPER × RED GRANITES BRAVEHEART,RED GRANITES PRIM & PROPER,RED GRANITES BRAVEHEART,0.08,Y,,3,CALLA LILLE; CRESCENT MOON'S KRYPTONITE; SENORITA ACCOYO CHIQUITA,9.38,"Must stay. Covers 3 last founder(s) the year-1 parents would take with them: CALLA LILLE, CRESCENT MOON'S KRYPTONITE, SENORITA ACCOYO CHIQUITA."
SC'S CLARKIA × CIRCLE CLIFF'S MELVIN,SC'S CLARKIA,CIRCLE CLIFF'S MELVIN,0.08,Y,,3,SNOWMASS MIDNIGHT SONG; SNOWMASS QUECHUA'S RISING SON; SNOWMASS ROYAL LACE,9.38,"Must stay. Covers 3 last founder(s) the year-1 parents would take with them: SNOWMASS MIDNIGHT SONG, SNOWMASS QUECHUA'S RISING SON, SNOWMASS ROYAL LACE."
APP WILD PHLOX × PATAGONIA'S NERUDA,APP WILD PHLOX,PATAGONIA'S NERUDA,0.00,Y,,2,CLASSY TRUFFLES; MFI PERUVIAN PURISIMA,6.25,"Must stay. Covers 2 last founder(s) the year-1 parents would take with them: CLASSY TRUFFLES, MFI PERUVIAN PURISIMA."
IRISH MEADOWS TAYT × CRYSTAL ROYAL GOLD'S MACKINAW,IRISH MEADOWS TAYT,CRYSTAL ROYAL GOLD'S MACKINAW,0.00,Y,,2,SNOWMASS MIDNIGHT FOX; SNOWMASS QUECHUA'S SHAHTOOSH,6.25,"Must stay. Covers 2 last founder(s) the year-1 parents would take with them: SNOWMASS MIDNIGHT FOX, SNOWMASS QUECHUA'S SHAHTOOSH."
APP OSA PHRENCH BRAID × PATAGONIA'S NERUDA,APP OSA PHRENCH BRAID,PATAGONIA'S NERUDA,0.00,Y,,1,CORTINA 121,3.12,Must stay. Covers 1 last founder(s) the year-1 parents would take with them: CORTINA 121.
SCA PERUVIAN SILVERBELLE × SNOWMASS MATRIX,SCA PERUVIAN SILVERBELLE,SNOWMASS MATRIX,0.00,Y,,1,GARNETT,3.12,Must stay. Covers 1 last founder(s) the year-1 parents would take with them: GARNETT.
THOR FARMS LOOKING GLASS × HMAF'S AIRGEAD,THOR FARMS LOOKING GLASS,HMAF'S AIRGEAD,0.07,,,7,6PERUVIAN FORTUNATA 6494 IMPR98; BLACK PERUVIAN ROYAL FOREST; BOLIVIAN VESUVIUS; MAYA III; MFI VISION; PPPERUVIAN CEBICHE 4890; QUEEN OF SPADES 339,25.00,"Also carries 6PERUVIAN FORTUNATA 6494 IMPR98, BLACK PERUVIAN ROYAL FOREST, BOLIVIAN VESUVIUS but a leaner cria already covers that blood. Sellable if the cover stays."
WILLOWWIND ECHO DELTA × HMAF'S AIRGEAD,WILLOWWIND ECHO DELTA,HMAF'S AIRGEAD,0.00,,,7,6PERUVIAN FORTUNATA 6494 IMPR98; BLACK PERUVIAN ROYAL FOREST; BOLIVIAN VESUVIUS; MAYA III; MFI VISION; PPPERUVIAN CEBICHE 4890; QUEEN OF SPADES 339,25.00,"Also carries 6PERUVIAN FORTUNATA 6494 IMPR98, BLACK PERUVIAN ROYAL FOREST, BOLIVIAN VESUVIUS but a leaner cria already covers that blood. Sellable if the cover stays."
WILLOWWIND INSPIRATION × HMAF'S AIRGEAD,WILLOWWIND INSPIRATION,HMAF'S AIRGEAD,0.10,,,7,6PERUVIAN FORTUNATA 6494 IMPR98; BLACK PERUVIAN ROYAL FOREST; BOLIVIAN VESUVIUS; MAYA III; MFI VISION; PPPERUVIAN CEBICHE 4890; QUEEN OF SPADES 339,25.00,"Also carries 6PERUVIAN FORTUNATA 6494 IMPR98, BLACK PERUVIAN ROYAL FOREST, BOLIVIAN VESUVIUS but a leaner cria already covers that blood. Sellable if the cover stays."
BOMBER'S DIAMOND LIL × G-TRIBE'S ROCKY'S ASH,BOMBER'S DIAMOND LIL,G-TRIBE'S ROCKY'S ASH,0.00,,,5,AVA DOMITA MARTI 059N; EXPRESS' PERUVIAN SPICE; MESSIAH ALYST; R&RR ALDER 097L; SHAZZY ALYST,15.62,"Also carries AVA DOMITA MARTI 059N, EXPRESS' PERUVIAN SPICE, MESSIAH ALYST but a leaner cria already covers that blood. Sellable if the cover stays."
RED GRANITES JENGA × CRESCENT MOON'S KEMMAUS,RED GRANITES JENGA,CRESCENT MOON'S KEMMAUS,0.00,,,5,ETIENNE OF REDWOOD RIDGE; GREENER PASTURES LAHELA; REMINGTON OF REDWOODRIDGE; TESS; WVR'S THE OUTLAW JOSEY WALES,15.62,"Also carries ETIENNE OF REDWOOD RIDGE, GREENER PASTURES LAHELA, REMINGTON OF REDWOODRIDGE but a leaner cria already covers that blood. Sellable if the cover stays."
RGR JIGSAW × MAMGB NATAN SAPA,RGR JIGSAW,MAMGB NATAN SAPA,0.00,,,5,JOHNSON S$112; KPR MAGDA; QUEEN CHARLOTTE 187; SA GREYSTOKE; TWIZZLER D118 ALOA,15.62,"Also carries JOHNSON S$112, KPR MAGDA, QUEEN CHARLOTTE 187 but a leaner cria already covers that blood. Sellable if the cover stays."
RGR JUSTIFICATION × MAMGB NATAN SAPA,RGR JUSTIFICATION,MAMGB NATAN SAPA,0.00,,,5,JOHNSON S$112; KPR MAGDA; QUEEN CHARLOTTE 187; SA GREYSTOKE; TWIZZLER D118 ALOA,15.62,"Also carries JOHNSON S$112, KPR MAGDA, QUEEN CHARLOTTE 187 but a leaner cria already covers that blood. Sellable if the cover stays."
SMOKIN HAUTE × MAMGB NATAN SAPA,SMOKIN HAUTE,MAMGB NATAN SAPA,0.00,,,5,JOHNSON S$112; KPR MAGDA; QUEEN CHARLOTTE 187; SA GREYSTOKE; TWIZZLER D118 ALOA,15.62,"Also carries JOHNSON S$112, KPR MAGDA, QUEEN CHARLOTTE 187 but a leaner cria already covers that blood. Sellable if the cover stays."
RR SARAH VAUGHN × PHPC ARTILLERY,RR SARAH VAUGHN,PHPC ARTILLERY,0.00,,,3,6PERUVIAN DONA MAISA 6537 IMPR98; MI AMIGOS PERUVIAN LUPITA; SCA PERUVIAN DESERT SUN,9.38,"Also carries 6PERUVIAN DONA MAISA 6537 IMPR98, MI AMIGOS PERUVIAN LUPITA, SCA PERUVIAN DESERT SUN but a leaner cria already covers that blood. Sellable if the cover stays."
MTAR PHASMA × TCB CORKY,MTAR PHASMA,TCB CORKY,0.00,,,1,6PERUVIAN ACCOYO THE LAST DONIMPR98,25.00,Also carries 6PERUVIAN ACCOYO THE LAST DONIMPR98 but a leaner cria already covers that blood. Sellable if the cover stays.
WILLOWWIND SL HALO × TCB CORKY,WILLOWWIND SL HALO,TCB CORKY,0.00,,,1,6PERUVIAN ACCOYO THE LAST DONIMPR98,25.00,Also carries 6PERUVIAN ACCOYO THE LAST DONIMPR98 but a leaner cria already covers that blood. Sellable if the cover stays.
RR PALOMA PICASSO × 5C'S CAPTAIN CHAOS,RR PALOMA PICASSO,5C'S CAPTAIN CHAOS,0.00,,Y,0,,0.00,Carries no last founder at ≥ 3.1%. Sellable weanling.
RR WONDER WOMAN × 5C'S CAPTAIN CHAOS,RR WONDER WOMAN,5C'S CAPTAIN CHAOS,0.00,,Y,0,,0.00,Carries no last founder at ≥ 3.1%. Sellable weanling.
SNOWMASS ENCHANTED TOUCH × MTAR ORLANDO CLOUD'S MCDREAMY,SNOWMASS ENCHANTED TOUCH,MTAR ORLANDO CLOUD'S MCDREAMY,0.00,,Y,0,,0.00,Carries no last founder at ≥ 3.1%. Sellable weanling.
